time (NSec) 	Kinova Tip Position (t_x) 	t_y 	t_z 	Kinova Tip Angle (theta_x) 	Kinova Tip Angle (theta_y) 	Kinova Tip Angle (theta_z) 	Kinova Joint Angle (j1) 	(j2) 	(j3) 	(j4) 	Kinova Joint Angle (j5) 	(j6) 	(j7)
1.55602 	-0.00383047 	-0.485773 	-0.243211 	1.76535 	0.0102512 	-3.10831 	90.0095 	62.1184 	-0.550488 	268.65 	360.766 	285.029 	539.18 	
1.57276 	-0.00383047 	-0.485773 	-0.243211 	1.76535 	0.0102512 	-3.10831 	90.0094 	62.1187 	-0.550488 	268.65 	360.766 	285.029 	539.18 	
1.67583 	-0.0038295 	-0.485831 	-0.243091 	1.76537 	0.0102551 	-3.12192 	90.0095 	62.1193 	-0.550488 	268.663 	360.766 	285.029 	539.45 	
1.77721 	-0.0038295 	-0.485831 	-0.243091 	1.76537 	0.0102551 	-3.12541 	90.0094 	62.1193 	-0.550488 	268.684 	360.766 	285.029 	539.746 	
1.8787 	-0.0038295 	-0.485831 	-0.243091 	1.76537 	0.0102551 	-3.12541 	90.0095 	62.1194 	-0.550488 	268.688 	360.766 	285.029 	539.769 	
1.98016 	-0.0038295 	-0.485831 	-0.243091 	1.76537 	0.0102551 	-3.12541 	90.0095 	62.1195 	-0.550488 	268.689 	360.766 	285.029 	539.775 	
2.08235 	-0.0038295 	-0.485831 	-0.243091 	1.76537 	0.0102551 	-3.12541 	90.0095 	62.1195 	-0.550488 	268.689 	360.766 	285.029 	539.777 	
2.16158 	-0.0038295 	-0.485831 	-0.243091 	1.76537 	0.0102551 	-3.12541 	90.0094 	62.1196 	-0.550488 	268.689 	360.766 	285.029 	539.779 	
2.26295 	-0.00386461 	-0.49319 	-0.237823 	1.74826 	0.0101595 	-3.12547 	90.0094 	62.3679 	-0.550488 	268.488 	360.766 	285.028 	539.78 	
2.3643 	-0.00393798 	-0.507741 	-0.226765 	1.71336 	0.00995963 	-3.12558 	90.0095 	63.2588 	-0.550488 	267.65 	360.766 	285.028 	539.781 	
2.46661 	-0.00401917 	-0.523421 	-0.214083 	1.67496 	0.00974296 	-3.1257 	90.0095 	64.2331 	-0.550488 	266.69 	360.766 	285.028 	539.782 	
2.5695 	-0.00408593 	-0.535984 	-0.203311 	1.64355 	0.00956823 	-3.1258 	90.0094 	65.3293 	-0.550488 	265.593 	360.766 	285.028 	539.783 	
2.67118 	-0.00416044 	-0.549646 	-0.190933 	1.60864 	0.00937682 	-3.12592 	90.0094 	66.3101 	-0.550488 	264.608 	360.766 	285.028 	539.783 	
2.77424 	-0.00423526 	-0.562985 	-0.178131 	1.57374 	0.00918834 	-3.12604 	90.0095 	67.3064 	-0.550488 	263.615 	360.766 	285.028 	539.784 	
2.87559 	-0.00431034 	-0.575985 	-0.164916 	1.53883 	0.00900286 	-3.12617 	90.0094 	68.2763 	-0.550488 	262.616 	360.766 	285.028 	539.784 	
2.97754 	-0.00438566 	-0.588634 	-0.151298 	1.50393 	0.00882044 	-3.12629 	90.0094 	69.2664 	-0.550488 	261.623 	360.766 	285.028 	539.784 	
3.07986 	-0.00446118 	-0.600918 	-0.137287 	1.46902 	0.00864111 	-3.12643 	90.0095 	70.3398 	-0.550488 	260.53 	360.766 	285.028 	539.784 	
3.18206 	-0.00453686 	-0.612824 	-0.122894 	1.43412 	0.00846495 	-3.12656 	90.0095 	71.3365 	-0.550488 	259.543 	360.766 	285.028 	539.785 	
3.28346 	-0.00462025 	-0.62547 	-0.106634 	1.39572 	0.00827487 	-3.12671 	90.0094 	72.3165 	-0.550488 	258.547 	360.766 	285.028 	539.785 	
3.38486 	-0.00468857 	-0.635455 	-0.0930084 	1.36431 	0.00812228 	-3.12684 	90.0095 	73.3063 	-0.550488 	257.552 	360.766 	285.028 	539.785 	
3.48605 	-0.00476453 	-0.646155 	-0.0775394 	1.3294 	0.00795586 	-3.12698 	90.0095 	74.3061 	-0.550488 	256.562 	360.766 	285.028 	539.785 	
3.58807 	-0.00484051 	-0.65643 	-0.0617364 	1.2945 	0.00779279 	-3.12712 	90.0094 	75.3836 	-0.550488 	255.567 	360.766 	285.028 	539.786 	
3.69032 	-0.00491648 	-0.66627 	-0.0456121 	1.25959 	0.00763308 	-3.12727 	90.0094 	76.3796 	-0.550488 	254.476 	360.766 	285.028 	539.786 	
3.79179 	-0.0049924 	-0.675662 	-0.0291799 	1.22469 	0.00747679 	-3.12742 	90.0095 	77.3541 	-0.550488 	253.486 	360.766 	285.028 	539.786 	
3.89305 	-0.00506825 	-0.684599 	-0.0124534 	1.18978 	0.00732394 	-3.12757 	90.0095 	78.3367 	-0.550488 	252.509 	360.766 	285.028 	539.786 	
3.99467 	-0.00514398 	-0.693069 	0.00455346 	1.15488 	0.00717456 	-3.12773 	90.0094 	79.3214 	-0.550488 	251.506 	360.766 	285.028 	539.786 	
4.09661 	-0.00522713 	-0.701836 	0.0235676 	1.11648 	0.00701428 	-3.1279 	90.0095 	80.3148 	-0.550488 	250.507 	360.766 	285.028 	539.786 	
4.19972 	-0.005295 	-0.708574 	0.0393506 	1.08507 	0.00688632 	-3.12805 	90.0095 	81.397 	-0.550488 	249.409 	360.766 	285.028 	539.786 	
4.30189 	-0.00537021 	-0.715593 	0.0571114 	1.05016 	0.00674752 	-3.12821 	90.0095 	82.3937 	-0.550488 	248.419 	360.766 	285.028 	539.786 	
4.40321 	-0.00544519 	-0.722111 	0.0750938 	1.01526 	0.00661229 	-3.12837 	90.0094 	83.3874 	-0.550488 	247.428 	360.766 	285.028 	539.786 	
4.50458 	-0.0055199 	-0.728123 	0.0932819 	0.980354 	0.00648065 	-3.12854 	90.0095 	84.3843 	-0.550488 	246.438 	360.766 	285.028 	539.786 	
4.6061 	-0.00559432 	-0.733621 	0.111661 	0.945449 	0.00635261 	-3.1287 	90.0094 	85.3738 	-0.550488 	245.44 	360.766 	285.028 	539.786 	
4.70844 	-0.0056684 	-0.738598 	0.130214 	0.910544 	0.0062282 	-3.12887 	90.0094 	86.4588 	-0.550488 	244.443 	360.766 	285.028 	539.787 	
4.811 	-0.00574214 	-0.74305 	0.148925 	0.875639 	0.00610742 	-3.12904 	90.0095 	87.4476 	-0.550488 	243.35 	360.766 	285.028 	539.787 	
4.91236 	-0.00582281 	-0.747334 	0.169671 	0.837243 	0.00597876 	-3.12923 	90.0095 	88.4269 	-0.550488 	242.361 	360.766 	285.028 	539.787 	
5.01358 	-0.00589571 	-0.750666 	0.188662 	0.802338 	0.00586562 	-3.1294 	90.0095 	89.4233 	-0.550488 	241.361 	360.766 	285.028 	539.787 	
5.11503 	-0.00596095 	-0.753203 	0.205846 	0.770923 	0.00576692 	-3.12956 	90.0095 	90.4017 	-0.550488 	240.378 	360.766 	285.028 	539.787 	
5.21739 	-0.006033 	-0.755506 	0.225027 	0.736018 	0.00566072 	-3.12974 	90.0095 	91.4096 	-0.550488 	239.373 	360.766 	285.028 	539.787 	
5.31953 	-0.00610457 	-0.757263 	0.244283 	0.701112 	0.00555817 	-3.12991 	90.0094 	92.4944 	-0.550488 	238.284 	360.766 	285.028 	539.787 	
5.4219 	-0.00617562 	-0.758471 	0.263598 	0.666207 	0.00545927 	-3.13009 	90.0094 	93.496 	-0.550488 	237.287 	360.766 	285.028 	539.787 	
5.52328 	-0.00624614 	-0.759129 	0.282955 	0.631302 	0.00536402 	-3.13027 	90.0094 	94.4934 	-0.550488 	236.286 	360.766 	285.028 	539.787 	
5.62461 	-0.00632307 	-0.759216 	0.304275 	0.592907 	0.00526345 	-3.13047 	90.0094 	95.4874 	-0.550488 	235.292 	360.766 	285.028 	539.787 	
5.72598 	-0.0063924 	-0.758714 	0.323663 	0.558001 	0.00517582 	-3.13065 	90.0094 	96.4858 	-0.550488 	234.299 	360.766 	285.028 	539.787 	
5.82847 	-0.00645428 	-0.75779 	0.341104 	0.526586 	0.00510006 	-3.13081 	90.0095 	97.5672 	-0.550488 	233.305 	360.766 	285.028 	539.787 	
5.93107 	-0.00652244 	-0.756238 	0.360456 	0.491681 	0.0050193 	-3.131 	90.0094 	98.5656 	-0.550488 	232.208 	360.766 	285.028 	539.787 	
6.0324 	-0.00658996 	-0.754135 	0.379764 	0.456776 	0.00494214 	-3.13118 	90.0095 	99.5583 	-0.550488 	231.217 	360.766 	285.028 	539.787 	
6.13373 	-0.00665681 	-0.751482 	0.399011 	0.42187 	0.00486855 	-3.13136 	90.0094 	100.555 	-0.550488 	230.225 	360.766 	285.028 	539.787 	
6.23778 	-0.00672299 	-0.74828 	0.41818 	0.386965 	0.00479853 	-3.13155 	90.0095 	101.554 	-0.550488 	229.221 	360.766 	285.028 	539.787 	
6.34074 	-0.00678847 	-0.744534 	0.437254 	0.35206 	0.00473204 	-3.13173 	90.0095 	102.672 	-0.550488 	228.229 	360.766 	285.028 	539.787 	
6.44291 	-0.00685323 	-0.740245 	0.456216 	0.317154 	0.00466907 	-3.13192 	90.0094 	103.662 	-0.550488 	227.118 	360.766 	285.028 	539.787 	
6.54435 	-0.00692362 	-0.734905 	0.476926 	0.278758 	0.00460384 	-3.13212 	90.0095 	104.661 	-0.550488 	226.117 	360.766 	285.028 	539.787 	
6.64617 	-0.00704307 	-0.724164 	0.512265 	0.212438 	0.00450104 	-3.13247 	90.0094 	105.686 	-0.550488 	225.116 	360.766 	285.028 	539.787 	
6.74757 	-0.00710481 	-0.717748 	0.530614 	0.177533 	0.0044519 	-3.13266 	90.0094 	106.67 	-0.550488 	224.118 	360.766 	285.028 	539.787 	
6.84973 	-0.00716577 	-0.710814 	0.548769 	0.142627 	0.00440615 	-3.13285 	90.0095 	107.767 	-0.550488 	223.123 	360.766 	285.028 	539.787 	
6.95204 	-0.00722592 	-0.703367 	0.566713 	0.107722 	0.00436375 	-3.13303 	90.0094 	108.769 	-0.550488 	222.03 	360.766 	285.029 	539.787 	
7.0543 	-0.00728526 	-0.695415 	0.584432 	0.0728161 	0.00432469 	-3.13322 	90.0095 	109.779 	-0.550488 	221.029 	360.766 	285.029 	539.787 	
7.15554 	-0.00734958 	-0.686094 	0.603644 	0.03442 	0.00428552 	-3.13342 	90.0094 	110.77 	-0.550488 	220.028 	360.766 	285.029 	539.787 	
7.25684 	-0.00740717 	-0.677105 	0.620839 	-0.000485482 	0.00425334 	-3.1336 	90.0095 	111.773 	-0.550488 	219.028 	360.766 	285.03 	539.787 	
7.35823 	-0.00745828 	-0.668605 	0.636081 	-0.0319005 	0.00422713 	-3.13377 	90.0095 	112.785 	-0.550488 	218.019 	360.766 	285.03 	539.787 	
7.46059 	-0.00751426 	-0.658711 	0.652745 	-0.0668062 	0.00420104 	-3.13395 	90.0094 	113.878 	-0.550488 	216.943 	360.766 	285.03 	539.787 	
7.56312 	-0.00756937 	-0.648353 	0.669108 	-0.101711 	0.00417811 	-3.13414 	90.0094 	114.882 	-0.550488 	215.943 	360.766 	285.03 	539.787 	
7.66482 	-0.00762382 	-0.637685 	0.684935 	-0.136268 	0.00415781 	-3.13432 	90.0094 	115.87 	-0.550488 	214.938 	360.766 	285.03 	539.787 	
7.76626 	-0.0076866 	-0.633176 	0.690555 	-0.155131 	0.00411897 	-3.13451 	90.0095 	116.275 	-0.550488 	213.919 	360.766 	285.031 	539.787 	
7.86748 	-0.0077498 	-0.629163 	0.695208 	-0.172584 	0.00408145 	-3.1347 	90.0095 	116.347 	-0.550488 	212.912 	360.766 	285.031 	539.787 	
7.97005 	-0.00781259 	-0.62507 	0.699789 	-0.190036 	0.0040472 	-3.13488 	90.0094 	116.346 	-0.550488 	211.841 	360.766 	285.031 	539.787 	
8.0758 	-0.00787494 	-0.620897 	0.704298 	-0.207489 	0.00401624 	-3.13507 	90.0095 	116.347 	-0.550488 	210.838 	360.766 	285.031 	539.787 	
8.17712 	-0.00793684 	-0.616646 	0.708734 	-0.224941 	0.00398858 	-3.13526 	90.0094 	116.347 	-0.550488 	209.828 	360.766 	285.032 	539.787 	
8.27869 	-0.00799828 	-0.612318 	0.713095 	-0.242394 	0.00396422 	-3.13545 	90.0095 	116.347 	-0.550488 	208.816 	360.766 	285.032 	539.788 	
8.38024 	-0.00805922 	-0.607915 	0.71738 	-0.259847 	0.00394317 	-3.13564 	90.0094 	116.347 	-0.550488 	207.738 	360.766 	285.032 	539.788 	
8.4826 	-0.00811966 	-0.603438 	0.721587 	-0.277299 	0.00392544 	-3.13583 	90.0094 	116.347 	-0.550488 	206.731 	360.766 	285.032 	539.788 	
8.58523 	-0.00817958 	-0.598888 	0.725716 	-0.294752 	0.00391104 	-3.13602 	90.0094 	116.347 	-0.550488 	205.727 	360.766 	285.032 	539.788 	
8.68719 	-0.00823895 	-0.594266 	0.729764 	-0.312204 	0.00389996 	-3.13621 	90.0094 	116.347 	-0.550488 	204.716 	360.766 	285.032 	539.788 	
8.78884 	-0.00829775 	-0.589575 	0.733731 	-0.329657 	0.00389222 	-3.1364 	90.0095 	116.347 	-0.550488 	203.724 	360.766 	285.032 	539.788 	
8.89043 	-0.00836177 	-0.584335 	0.738 	-0.348855 	0.00388755 	-3.13661 	90.0094 	116.347 	-0.550488 	202.618 	360.766 	285.032 	539.788 	
8.9924 	-0.00841361 	-0.579988 	0.741417 	-0.364562 	0.00388673 	-3.13679 	90.0094 	116.347 	-0.550488 	201.618 	360.766 	285.033 	539.788 	
9.09423 	-0.00847063 	-0.575095 	0.745133 	-0.382015 	0.003889 	-3.13698 	90.0095 	116.347 	-0.550488 	200.613 	360.766 	285.033 	539.788 	
9.19621 	-0.00852702 	-0.570138 	0.748763 	-0.399467 	0.00389459 	-3.13717 	90.0094 	116.347 	-0.550488 	199.618 	360.766 	285.033 	539.788 	
9.29762 	-0.00858275 	-0.565119 	0.752307 	-0.41692 	0.00390352 	-3.13736 	90.0095 	116.347 	-0.550488 	198.618 	360.766 	285.033 	539.788 	
9.39938 	-0.00863782 	-0.560039 	0.755762 	-0.434372 	0.00391578 	-3.13755 	90.0094 	116.347 	-0.550488 	197.512 	360.766 	285.033 	539.788 	
9.50081 	-0.0086922 	-0.554899 	0.759127 	-0.451825 	0.00393137 	-3.13774 	90.0094 	116.347 	-0.550488 	196.511 	360.766 	285.034 	539.788 	
9.60335 	-0.00874589 	-0.549701 	0.762403 	-0.469277 	0.00395028 	-3.13793 	90.0094 	116.347 	-0.550488 	195.513 	360.766 	285.034 	539.788 	
9.70536 	-0.00880412 	-0.543918 	0.765901 	-0.488475 	0.00397491 	-3.13814 	90.0094 	116.347 	-0.550488 	194.512 	360.766 	285.034 	539.788 	
9.80685 	-0.0088511 	-0.539137 	0.76868 	-0.504183 	0.00399804 	-3.13831 	90.0094 	116.347 	-0.550488 	193.502 	360.766 	285.035 	539.788 	
9.90838 	-0.00890259 	-0.533775 	0.771679 	-0.521635 	0.00402688 	-3.1385 	90.0094 	116.347 	-0.550488 	192.502 	360.766 	285.036 	539.788 	
10.0104 	-0.00895331 	-0.528361 	0.774584 	-0.539088 	0.00405901 	-3.13869 	90.0095 	116.347 	-0.550488 	191.397 	360.766 	285.036 	539.788 	
10.1126 	-0.00900326 	-0.522897 	0.777394 	-0.55654 	0.00409442 	-3.13888 	90.0094 	116.347 	-0.550488 	190.393 	360.766 	285.037 	539.788 	
10.2153 	-0.00905241 	-0.517386 	0.780108 	-0.573992 	0.00413311 	-3.13906 	90.0095 	116.347 	-0.550488 	189.397 	360.766 	285.037 	539.788 	
10.3171 	-0.00910075 	-0.511827 	0.782726 	-0.591445 	0.00417506 	-3.13925 	90.0094 	116.347 	-0.550488 	188.4 	360.766 	285.038 	539.788 	
10.4187 	-0.00914827 	-0.506224 	0.785246 	-0.608898 	0.00422025 	-3.13943 	90.0094 	116.347 	-0.550488 	187.394 	360.766 	285.038 	539.788 	
10.5202 	-0.00919957 	-0.50001 	0.787905 	-0.628095 	0.0042737 	-3.13964 	90.0094 	116.347 	-0.550488 	186.285 	360.766 	285.038 	539.788 	
10.6215 	-0.00924531 	-0.494319 	0.790218 	-0.645548 	0.00432568 	-3.13982 	90.0094 	116.347 	-0.550488 	185.285 	360.766 	285.038 	539.788 	
10.7235 	-0.00928574 	-0.489162 	0.792215 	-0.661255 	0.00437519 	-3.13999 	90.0095 	116.347 	-0.550488 	184.281 	360.766 	285.038 	539.788 	
10.8253 	-0.00932982 	-0.483397 	0.794338 	-0.678708 	0.00443323 	-3.14017 	90.0094 	116.347 	-0.550488 	183.284 	360.766 	285.039 	539.788 	
10.9271 	-0.009373 	-0.477595 	0.79636 	-0.69616 	0.00449444 	-3.14035 	90.0095 	116.347 	-0.550488 	182.273 	360.766 	285.039 	539.788 	
11.0287 	-0.00941528 	-0.471759 	0.798281 	-0.713613 	0.00455879 	-3.14053 	90.0094 	116.347 	-0.550488 	181.28 	360.766 	285.039 	539.788 	
11.1301 	-0.00945664 	-0.46589 	0.8001 	-0.731065 	0.00462629 	-3.14071 	90.0095 	116.347 	-0.550488 	180.166 	360.766 	285.039 	539.788 	
11.2326 	-0.00949706 	-0.45999 	0.801816 	-0.748518 	0.00469689 	-3.14089 	90.0094 	116.348 	-0.550488 	179.173 	360.766 	285.039 	539.788 	
11.3352 	-0.00953655 	-0.454062 	0.803428 	-0.76597 	0.00477058 	-3.14106 	90.0095 	116.348 	-0.550488 	178.165 	360.766 	285.04 	539.788 	
11.4384 	-0.00957507 	-0.448106 	0.804937 	-0.783423 	0.00484734 	-3.14124 	90.0095 	116.348 	-0.550488 	177.17 	360.766 	285.04 	539.788 	
11.5399 	-0.00961262 	-0.442125 	0.806342 	-0.800875 	0.00492714 	-3.14141 	90.0094 	116.348 	-0.550488 	176.162 	360.766 	285.04 	539.788 	
11.6421 	-0.0096492 	-0.43612 	0.807642 	-0.818328 	0.00500996 	-3.14158 	90.0095 	116.349 	-0.550488 	175.047 	360.766 	285.04 	539.788 	
11.7449 	-0.00968478 	-0.430093 	0.808837 	-0.83578 	0.00509577 	3.14143 	90.0094 	116.349 	-0.550488 	174.04 	360.766 	285.04 	539.788 	
11.8504 	-0.00975623 	-0.417374 	0.811004 	-0.87243 	0.0052856 	3.14108 	90.0095 	116.349 	-0.550488 	173.037 	360.766 	285.04 	539.788 	
11.9527 	-0.00975623 	-0.417374 	0.811004 	-0.87243 	0.0052856 	3.14108 	90.0094 	116.35 	-0.550586 	171.943 	360.766 	285.041 	539.788 	
12.0543 	-0.00982009 	-0.405195 	0.812632 	-0.907335 	0.00547833 	3.14075 	90.0095 	116.351 	-0.550586 	170.943 	360.766 	285.041 	539.788 	
12.1557 	-0.00985045 	-0.399086 	0.813287 	-0.924788 	0.00557898 	3.14058 	90.0095 	116.358 	-0.550586 	169.933 	360.766 	285.041 	539.788 	
12.259 	-0.00987977 	-0.392966 	0.813835 	-0.94224 	0.00568246 	3.14042 	90.0095 	116.372 	-0.550586 	168.922 	360.766 	285.041 	539.788 	
12.3617 	-0.00990524 	-0.387451 	0.814237 	-0.957947 	0.00577797 	3.14028 	90.0095 	116.387 	-0.550586 	167.838 	360.766 	285.041 	539.788 	
12.4643 	-0.0099352 	-0.380703 	0.81461 	-0.977145 	0.00589774 	3.14012 	90.0095 	116.388 	-0.550586 	166.826 	360.766 	285.041 	539.788 	
12.5658 	-0.00996131 	-0.374563 	0.814837 	-0.994597 	0.00600949 	3.13995 	90.0095 	116.389 	-0.550586 	165.832 	360.766 	285.042 	539.788 	
12.6677 	-0.00998632 	-0.36842 	0.814957 	-1.01205 	0.00612392 	3.1398 	90.0095 	116.389 	-0.550586 	164.824 	360.766 	285.042 	539.788 	
12.7698 	-0.0100102 	-0.362276 	0.814969 	-1.0295 	0.00624101 	3.13965 	90.0094 	116.39 	-0.550586 	163.72 	360.766 	285.042 	539.788 	
12.877 	-0.0100331 	-0.356132 	0.814875 	-1.04695 	0.00636071 	3.1395 	90.0095 	116.39 	-0.550586 	162.72 	360.766 	285.042 	539.788 	
12.9791 	-0.0100548 	-0.349992 	0.814673 	-1.06441 	0.006483 	3.13935 	90.0094 	116.391 	-0.550586 	161.719 	360.766 	285.042 	539.788 	
13.081 	-0.0100754 	-0.343855 	0.814364 	-1.08186 	0.00660783 	3.13921 	90.0095 	116.391 	-0.550586 	160.614 	360.766 	285.042 	539.788 	
13.1837 	-0.010093 	-0.338338 	0.813994 	-1.09757 	0.00672233 	3.13908 	90.0094 	116.398 	-0.550586 	159.604 	360.766 	285.042 	539.788 	
13.2871 	-0.0101114 	-0.332215 	0.813482 	-1.11502 	0.00685189 	3.13894 	90.0095 	116.41 	-0.550586 	158.6 	360.766 	285.042 	539.788 	
13.3902 	-0.0101288 	-0.326102 	0.812862 	-1.13247 	0.00698389 	3.1388 	90.0095 	116.426 	-0.550586 	157.493 	360.766 	285.043 	539.788 	
13.4917 	-0.0101465 	-0.319392 	0.812058 	-1.15167 	0.00713184 	3.13865 	90.0095 	116.432 	-0.550586 	156.488 	360.766 	285.043 	539.788 	
13.5937 	-0.0101614 	-0.313306 	0.811216 	-1.16912 	0.00726882 	3.13852 	90.0095 	116.433 	-0.550586 	155.489 	360.766 	285.043 	539.788 	
13.6957 	-0.0101752 	-0.307235 	0.810267 	-1.18657 	0.00740809 	3.13839 	90.0095 	116.434 	-0.550586 	154.487 	360.766 	285.043 	539.788 	
13.7989 	-0.0101879 	-0.301182 	0.809212 	-1.20403 	0.00754964 	3.13826 	90.0095 	116.435 	-0.550586 	153.478 	360.766 	285.043 	539.788 	
13.9018 	-0.0101983 	-0.295751 	0.808173 	-1.21973 	0.00767893 	3.13815 	90.0095 	116.438 	-0.550586 	152.378 	360.766 	285.043 	539.788 	
14.0037 	-0.0102087 	-0.289736 	0.806918 	-1.23719 	0.00782465 	3.13802 	90.0095 	116.444 	-0.550586 	151.367 	360.766 	285.043 	539.788 	
14.106 	-0.010218 	-0.283744 	0.805559 	-1.25464 	0.0079725 	3.1379 	90.0095 	116.446 	-0.550586 	150.367 	360.766 	285.043 	539.788 	
14.2095 	-0.0102268 	-0.277182 	0.803943 	-1.27383 	0.00813757 	3.13777 	90.0095 	116.449 	-0.550586 	149.36 	360.766 	285.043 	539.788 	
14.3122 	-0.0102337 	-0.271244 	0.802364 	-1.29129 	0.00828976 	3.13765 	90.0095 	116.458 	-0.550586 	148.257 	360.766 	285.044 	539.788 	
14.4156 	-0.0102393 	-0.265334 	0.800683 	-1.30874 	0.00844395 	3.13754 	90.0094 	116.48 	-0.550586 	147.256 	360.766 	285.044 	539.788 	
14.5175 	-0.0102438 	-0.259455 	0.798898 	-1.32619 	0.00860009 	3.13743 	90.0095 	116.484 	-0.550586 	146.248 	360.766 	285.044 	539.788 	
14.6197 	-0.0102471 	-0.253607 	0.797012 	-1.34364 	0.00875814 	3.13732 	90.0095 	116.485 	-0.550586 	145.249 	360.766 	285.044 	539.788 	
14.7227 	-0.0102493 	-0.247794 	0.795023 	-1.3611 	0.00891803 	3.13722 	90.0095 	116.486 	-0.550586 	144.142 	360.766 	285.044 	539.788 	
14.8261 	-0.0102502 	-0.242592 	0.793147 	-1.3768 	0.00906347 	3.13713 	90.0095 	116.487 	-0.550586 	143.138 	360.766 	285.044 	539.788 	
14.9282 	-0.0102501 	-0.236848 	0.790967 	-1.39426 	0.00922675 	3.13703 	90.0095 	116.488 	-0.550586 	142.131 	360.766 	285.044 	539.788 	
15.0306 	-0.0102487 	-0.230574 	0.788453 	-1.41345 	0.00940833 	3.13692 	90.0095 	116.498 	-0.550586 	141.032 	360.766 	285.044 	539.788 	
15.1327 	-0.0102461 	-0.224913 	0.786064 	-1.43091 	0.00957514 	3.13683 	90.0095 	116.508 	-0.550586 	140.026 	360.766 	285.044 	539.788 	
15.2353 	-0.0102424 	-0.219295 	0.783576 	-1.44836 	0.00974354 	3.13674 	90.0095 	116.529 	-0.550586 	139.026 	360.766 	285.044 	539.788 	
15.3433 	-0.0102375 	-0.213722 	0.780991 	-1.46581 	0.00991351 	3.13665 	90.0095 	116.534 	-0.550586 	137.904 	360.766 	285.044 	539.788 	
15.445 	-0.0102314 	-0.208194 	0.778309 	-1.48326 	0.010085 	3.13657 	90.0095 	116.534 	-0.550684 	137.02 	360.766 	285.044 	539.788 	
15.5474 	-0.0102242 	-0.202714 	0.77553 	-1.50072 	0.0102579 	3.13649 	90.0095 	116.535 	-0.550684 	135.906 	360.766 	285.044 	539.788 	
15.6544 	-0.0102072 	-0.192439 	0.76999 	-1.53388 	0.0105902 	3.13634 	90.0095 	116.536 	-0.550684 	134.806 	360.766 	285.044 	539.788 	
15.7573 	-0.0101955 	-0.186576 	0.766628 	-1.55307 	0.0107848 	3.13626 	90.0095 	116.543 	-0.550684 	133.791 	360.766 	285.045 	539.788 	
15.859 	-0.0101836 	-0.181303 	0.763474 	-1.57053 	0.010963 	3.13619 	90.0095 	116.55 	-0.550684 	132.795 	360.766 	285.045 	539.788 	
15.9606 	-0.0101706 	-0.176086 	0.760229 	-1.58798 	0.0111423 	3.13612 	90.0095 	116.574 	-0.550684 	131.696 	360.766 	285.045 	539.788 	
16.0628 	-0.0101564 	-0.170926 	0.756893 	-1.60543 	0.0113228 	3.13606 	90.0095 	116.578 	-0.550684 	130.686 	360.766 	285.045 	539.788 	
16.1646 	-0.0101411 	-0.165825 	0.753467 	-1.62288 	0.0115043 	3.136 	90.0095 	116.579 	-0.550684 	129.69 	360.766 	285.045 	539.788 	
16.2678 	-0.0101246 	-0.160785 	0.749954 	-1.64034 	0.0116869 	3.13594 	90.0095 	116.58 	-0.550684 	128.682 	360.766 	285.045 	539.788 	
16.3701 	-0.0101088 	-0.156302 	0.746716 	-1.65604 	0.011852 	3.1359 	90.0095 	116.582 	-0.550684 	127.582 	360.766 	285.045 	539.788 	
16.4717 	-0.0100902 	-0.151382 	0.743038 	-1.67349 	0.0120363 	3.13585 	90.0095 	116.584 	-0.550684 	126.586 	360.766 	285.045 	539.788 	
16.575 	-0.0100684 	-0.146044 	0.738892 	-1.69269 	0.0122401 	3.13579 	90.0095 	116.59 	-0.550684 	125.576 	360.766 	285.045 	539.788 	
16.6779 	-0.0100474 	-0.141262 	0.735036 	-1.71014 	0.0124261 	3.13575 	90.0095 	116.594 	-0.550684 	124.572 	360.766 	285.045 	539.788 	
16.7811 	-0.0100253 	-0.136548 	0.731096 	-1.72759 	0.0126129 	3.13571 	90.0095 	116.603 	-0.550684 	123.471 	360.766 	285.045 	539.788 	
16.8829 	-0.0100021 	-0.131903 	0.727075 	-1.74505 	0.0128004 	3.13567 	90.0095 	116.62 	-0.550684 	122.46 	360.766 	285.045 	539.788 	
16.9847 	-0.00997777 	-0.127329 	0.722974 	-1.7625 	0.0129885 	3.13564 	90.0095 	116.622 	-0.550684 	121.459 	360.766 	285.045 	539.788 	
17.0865 	-0.00995238 	-0.122827 	0.718793 	-1.77995 	0.0131771 	3.13561 	90.0095 	116.623 	-0.550684 	120.45 	360.766 	285.045 	539.788 	
17.1889 	-0.0099286 	-0.118838 	0.714963 	-1.79566 	0.0133474 	3.13558 	90.0095 	116.625 	-0.550684 	119.451 	360.766 	285.045 	539.788 	
17.2918 	-0.00990115 	-0.114478 	0.710636 	-1.81311 	0.0135369 	3.13556 	90.0095 	116.629 	-0.550684 	118.35 	360.766 	285.045 	539.788 	
17.3938 	-0.00986973 	-0.109769 	0.705788 	-1.8323 	0.0137459 	3.13554 	90.0095 	116.63 	-0.550684 	117.342 	360.766 	285.045 	539.788 	
17.4959 	-0.00984005 	-0.10557 	0.701303 	-1.84976 	0.0139362 	3.13552 	90.0095 	116.632 	-0.550684 	116.34 	360.766 	285.045 	539.788 	
17.5977 	-0.00980933 	-0.10145 	0.696746 	-1.86721 	0.0141268 	3.1355 	90.0095 	116.633 	-0.550684 	115.34 	360.766 	285.045 	539.788 	
17.6171 	-0.00980933 	-0.10145 	0.696746 	-1.86721 	0.0141268 	3.1355 	90.0095 	116.634 	-0.550684 	115.128 	360.766 	285.045 	539.788 	
17.7188 	-0.00977756 	-0.0974096 	0.692118 	-1.88466 	0.0143176 	3.13549 	90.0095 	116.642 	-0.550684 	114.175 	360.766 	285.045 	539.788 	
17.8211 	-0.00975735 	-0.0949456 	0.689213 	-1.89548 	0.014436 	3.13549 	90.0095 	116.668 	-0.550684 	113.58 	360.766 	285.045 	539.788 	
17.9244 	-0.00975339 	-0.0944724 	0.688648 	-1.89757 	0.014459 	3.13549 	90.0095 	116.67 	-0.550684 	113.473 	360.766 	285.045 	539.788 	
18.0269 	-0.00975339 	-0.0944724 	0.688648 	-1.89757 	0.014459 	3.13549 	90.0095 	116.67 	-0.550684 	113.472 	360.766 	285.045 	539.788 	
18.1291 	-0.00975339 	-0.0944724 	0.688648 	-1.89757 	0.014459 	3.13549 	90.0095 	116.67 	-0.550684 	113.471 	360.766 	285.045 	539.788 	
18.231 	-0.00975339 	-0.0944724 	0.688648 	-1.89757 	0.014459 	3.13549 	90.0095 	116.67 	-0.550684 	113.471 	360.766 	285.045 	539.788 	
18.333 	-0.00975339 	-0.0944724 	0.688648 	-1.89757 	0.014459 	3.13549 	90.0095 	116.671 	-0.550684 	113.471 	360.766 	285.045 	539.788 	
22.6373 	-0.00975339 	-0.0944724 	0.688648 	-1.89757 	0.014459 	3.13549 	90.0095 	116.671 	-0.550781 	113.469 	360.766 	285.045 	539.788 	
22.6501 	-0.00975339 	-0.0944724 	0.688648 	-1.89757 	0.014459 	3.13549 	90.0095 	116.671 	-0.550781 	113.469 	360.766 	285.045 	539.788 	
22.7526 	-0.00977368 	-0.0969303 	0.691558 	-1.88675 	0.0143406 	3.13549 	90.0095 	116.671 	-0.550781 	113.706 	360.766 	285.045 	539.788 	
22.8549 	-0.00980557 	-0.100961 	0.696195 	-1.8693 	0.0141497 	3.1355 	90.0095 	116.672 	-0.550781 	114.546 	360.766 	285.045 	539.788 	
22.9572 	-0.00983642 	-0.105071 	0.700761 	-1.85185 	0.0139591 	3.13552 	90.0095 	116.672 	-0.550781 	115.528 	360.766 	285.045 	539.788 	
23.0588 	-0.00986623 	-0.109261 	0.705254 	-1.8344 	0.0137687 	3.13553 	90.0095 	116.672 	-0.550781 	116.52 	360.766 	285.045 	539.788 	
23.1609 	-0.00989497 	-0.113529 	0.709673 	-1.81695 	0.0135787 	3.13555 	90.0095 	116.672 	-0.550781 	117.617 	360.766 	285.045 	539.788 	
23.2629 	-0.00992265 	-0.117873 	0.714018 	-1.79949 	0.013389 	3.13558 	90.0095 	116.672 	-0.550781 	118.607 	360.766 	285.045 	539.788 	
23.3647 	-0.00994926 	-0.122292 	0.718286 	-1.78204 	0.0131998 	3.1356 	90.0095 	116.672 	-0.550781 	119.622 	360.766 	285.045 	539.788 	
23.4675 	-0.00997478 	-0.126785 	0.722476 	-1.76459 	0.0130111 	3.13563 	90.0095 	116.672 	-0.550781 	120.623 	360.766 	285.045 	539.788 	
23.5693 	-0.00999922 	-0.13135 	0.726587 	-1.74714 	0.0128229 	3.13567 	90.0095 	116.672 	-0.550781 	121.624 	360.766 	285.045 	539.788 	
23.6712 	-0.0100226 	-0.135987 	0.730618 	-1.72969 	0.0126354 	3.1357 	90.0095 	116.672 	-0.550781 	122.732 	360.766 	285.045 	539.788 	
23.7749 	-0.0100448 	-0.140693 	0.734567 	-1.71224 	0.0124485 	3.13575 	90.0095 	116.672 	-0.550781 	123.736 	360.766 	285.045 	539.788 	
23.8767 	-0.0100659 	-0.145467 	0.738434 	-1.69478 	0.0122624 	3.13579 	90.0095 	116.672 	-0.550781 	124.74 	360.766 	285.045 	539.788 	
23.9797 	-0.0100878 	-0.150796 	0.74259 	-1.67559 	0.0120585 	3.13584 	90.0095 	116.672 	-0.550781 	125.746 	360.766 	285.045 	539.788 	
24.0815 	-0.0101066 	-0.155708 	0.74628 	-1.65814 	0.0118741 	3.13589 	90.0095 	116.672 	-0.550781 	126.853 	360.766 	285.045 	539.788 	
24.1833 	-0.0101225 	-0.160184 	0.749526 	-1.64243 	0.0117089 	3.13594 	90.0095 	116.672 	-0.550781 	127.849 	360.766 	285.045 	539.788 	
24.2847 	-0.0101391 	-0.165217 	0.753051 	-1.62498 	0.0115262 	3.13599 	90.0095 	116.672 	-0.550781 	128.859 	360.766 	285.045 	539.788 	
24.3869 	-0.0101546 	-0.170311 	0.756487 	-1.60753 	0.0113445 	3.13605 	90.0095 	116.672 	-0.550781 	129.856 	360.766 	285.045 	539.788 	
24.4898 	-0.0101689 	-0.175463 	0.759833 	-1.59007 	0.0111639 	3.13612 	90.0095 	116.672 	-0.550781 	130.855 	360.766 	285.045 	539.788 	
24.5913 	-0.0101821 	-0.180674 	0.763089 	-1.57262 	0.0109844 	3.13618 	90.0095 	116.671 	-0.550781 	131.966 	360.766 	285.045 	539.788 	
24.6928 	-0.0101941 	-0.18594 	0.766254 	-1.55517 	0.0108061 	3.13625 	90.0095 	116.671 	-0.550781 	132.967 	360.766 	285.045 	539.788 	
24.7944 	-0.010205 	-0.191261 	0.769327 	-1.53772 	0.010629 	3.13632 	90.0095 	116.671 	-0.550781 	133.971 	360.766 	285.045 	539.788 	
24.8969 	-0.0102156 	-0.197175 	0.772599 	-1.51852 	0.0104357 	3.1364 	90.0095 	116.671 	-0.550781 	134.981 	360.766 	285.045 	539.788 	
24.9998 	-0.0102233 	-0.202059 	0.775191 	-1.50281 	0.0102787 	3.13648 	90.0095 	116.671 	-0.550781 	135.984 	360.766 	285.045 	539.788 	
25.1023 	-0.0102306 	-0.207534 	0.77798 	-1.48536 	0.0101056 	3.13656 	90.0095 	116.671 	-0.550781 	137.088 	360.766 	285.045 	539.788 	
25.2045 	-0.0102368 	-0.213056 	0.780674 	-1.4679 	0.009934 	3.13664 	90.0095 	116.671 	-0.550781 	138.091 	360.766 	285.045 	539.788 	
25.3064 	-0.0102419 	-0.218624 	0.783271 	-1.45045 	0.00976386 	3.13673 	90.0095 	116.671 	-0.550781 	139.092 	360.766 	285.045 	539.788 	
25.4088 	-0.0102457 	-0.224237 	0.785771 	-1.433 	0.00959526 	3.13682 	90.0095 	116.671 	-0.550781 	140.102 	360.766 	285.045 	539.788 	
25.5117 	-0.0102484 	-0.229893 	0.788172 	-1.41555 	0.00942826 	3.13691 	90.0095 	116.671 	-0.550781 	141.205 	360.766 	285.045 	539.788 	
25.6144 	-0.01025 	-0.236161 	0.790698 	-1.39635 	0.00924646 	3.13702 	90.0095 	116.671 	-0.550781 	142.205 	360.766 	285.045 	539.788 	
25.7163 	-0.0102503 	-0.241901 	0.79289 	-1.3789 	0.00908297 	3.13712 	90.0095 	116.671 	-0.550781 	143.212 	360.766 	285.045 	539.788 	
25.8178 	-0.0102495 	-0.247099 	0.794778 	-1.36319 	0.00893733 	3.13721 	90.0095 	116.671 	-0.550781 	144.209 	360.766 	285.045 	539.788 	
25.9193 	-0.0102475 	-0.252908 	0.796778 	-1.34574 	0.00877722 	3.13731 	90.0095 	116.671 	-0.550781 	145.222 	360.766 	285.045 	539.788 	
26.0215 	-0.0102443 	-0.258752 	0.798677 	-1.32829 	0.00861896 	3.13742 	90.0095 	116.671 	-0.550781 	146.325 	360.766 	285.045 	539.788 	
26.1234 	-0.0102399 	-0.264627 	0.800474 	-1.31083 	0.00846259 	3.13753 	90.0095 	116.671 	-0.550781 	147.327 	360.766 	285.045 	539.788 	
26.2247 	-0.0102344 	-0.270533 	0.802168 	-1.29338 	0.00830816 	3.13764 	90.0095 	116.671 	-0.550781 	148.328 	360.766 	285.045 	539.788 	
26.326 	-0.0102277 	-0.276468 	0.803759 	-1.27593 	0.00815572 	3.13776 	90.0095 	116.671 	-0.550781 	149.337 	360.766 	285.045 	539.788 	
26.4277 	-0.0102199 	-0.282429 	0.805245 	-1.25848 	0.00800531 	3.13787 	90.0095 	116.671 	-0.550781 	150.346 	360.766 	285.045 	539.788 	
26.5298 	-0.0102108 	-0.288416 	0.806628 	-1.24102 	0.00785699 	3.138 	90.0095 	116.671 	-0.550781 	151.35 	360.766 	285.045 	539.788 	
26.6323 	-0.0102007 	-0.294426 	0.807906 	-1.22357 	0.00771079 	3.13812 	90.0095 	116.671 	-0.550781 	152.451 	360.766 	285.045 	539.788 	
26.7342 	-0.0101893 	-0.300457 	0.809078 	-1.20612 	0.00756677 	3.13824 	90.0095 	116.67 	-0.550781 	153.453 	360.766 	285.045 	539.788 	
26.8379 	-0.0101768 	-0.306508 	0.810146 	-1.18867 	0.00742496 	3.13837 	90.0095 	116.67 	-0.550781 	154.456 	360.766 	285.045 	539.788 	
26.9391 	-0.0101632 	-0.312576 	0.811107 	-1.17121 	0.00728541 	3.1385 	90.0095 	116.67 	-0.550781 	155.458 	360.766 	285.045 	539.788 	
27.0419 	-0.0101484 	-0.318661 	0.811963 	-1.15376 	0.00714815 	3.13864 	90.0095 	116.67 	-0.550781 	156.572 	360.766 	285.045 	539.788 	
27.1458 	-0.0101324 	-0.324759 	0.812712 	-1.13631 	0.00701325 	3.13877 	90.0095 	116.67 	-0.550781 	157.575 	360.766 	285.045 	539.788 	
27.2473 	-0.0101153 	-0.330869 	0.813355 	-1.11886 	0.00688072 	3.13891 	90.0095 	116.67 	-0.550781 	158.589 	360.766 	285.045 	539.788 	
27.3489 	-0.0100971 	-0.33699 	0.81389 	-1.10141 	0.00675062 	3.13905 	90.0095 	116.67 	-0.550781 	159.588 	360.766 	285.045 	539.788 	
27.4504 	-0.0100573 	-0.349255 	0.814641 	-1.0665 	0.00649784 	3.13934 	90.0095 	116.67 	-0.550781 	160.597 	360.766 	285.045 	539.788 	
27.5527 	-0.0100357 	-0.355395 	0.814856 	-1.04905 	0.00637525 	3.13948 	90.0095 	116.67 	-0.550781 	161.684 	360.766 	285.045 	539.788 	
27.655 	-0.010013 	-0.361539 	0.814964 	-1.0316 	0.00625523 	3.13963 	90.0095 	116.67 	-0.550781 	162.704 	360.766 	285.045 	539.788 	
27.7578 	-0.00998925 	-0.367683 	0.814964 	-1.01414 	0.00613783 	3.13978 	90.0095 	116.67 	-0.550781 	163.702 	360.766 	285.045 	539.788 	
27.8594 	-0.00996436 	-0.373826 	0.814857 	-0.996691 	0.00602307 	3.13993 	90.0095 	116.67 	-0.550781 	164.705 	360.766 	285.045 	539.788 	
27.961 	-0.00993839 	-0.379966 	0.814643 	-0.979239 	0.00591101 	3.14009 	90.0095 	116.67 	-0.550781 	165.805 	360.766 	285.045 	539.788 	
28.0624 	-0.00990857 	-0.386715 	0.814284 	-0.960041 	0.00579087 	3.14026 	90.0095 	116.67 	-0.550781 	166.806 	360.766 	285.045 	539.788 	
28.1644 	-0.00988321 	-0.392231 	0.813894 	-0.944334 	0.00569506 	3.1404 	90.0095 	116.669 	-0.550781 	167.803 	360.766 	285.045 	539.788 	
28.2666 	-0.00985403 	-0.398352 	0.813359 	-0.926881 	0.00559125 	3.14057 	90.0095 	116.669 	-0.550781 	168.805 	360.766 	285.045 	539.788 	
28.3675 	-0.00982379 	-0.404463 	0.812717 	-0.909429 	0.00549025 	3.14073 	90.0095 	116.669 	-0.550781 	169.814 	360.766 	285.045 	539.788 	
28.4687 	-0.0097925 	-0.410561 	0.811968 	-0.891976 	0.00539211 	3.14089 	90.0095 	116.669 	-0.550781 	170.816 	360.766 	285.045 	539.788 	
28.5705 	-0.00976018 	-0.416645 	0.811113 	-0.874524 	0.00529684 	3.14106 	90.0095 	116.669 	-0.550781 	171.922 	360.766 	285.045 	539.788 	
28.6746 	-0.00972684 	-0.422714 	0.810153 	-0.857071 	0.00520447 	3.14122 	90.0095 	116.669 	-0.550781 	172.927 	360.766 	285.045 	539.788 	
28.7764 	-0.00969248 	-0.428764 	0.809086 	-0.839619 	0.00511504 	3.14139 	90.0095 	116.669 	-0.550781 	173.933 	360.766 	285.045 	539.788 	
28.8784 	-0.00965352 	-0.435398 	0.807791 	-0.820421 	0.00502009 	3.14158 	90.0095 	116.669 	-0.550781 	174.93 	360.766 	285.045 	539.788 	
28.9798 	-0.00962075 	-0.440806 	0.806637 	-0.804714 	0.0049451 	-3.14145 	90.0095 	116.669 	-0.550781 	176.037 	360.766 	285.045 	539.788 	
29.0812 	-0.00958341 	-0.446792 	0.805255 	-0.787262 	0.00486463 	-3.14128 	90.0095 	116.669 	-0.550781 	177.044 	360.766 	285.045 	539.788 	
29.183 	-0.0095451 	-0.452754 	0.803769 	-0.769809 	0.0047872 	-3.1411 	90.0095 	116.669 	-0.550781 	178.048 	360.766 	285.045 	539.788 	
29.2854 	-0.00950583 	-0.458689 	0.802179 	-0.752357 	0.00471283 	-3.14093 	90.0095 	116.668 	-0.550781 	179.052 	360.766 	285.045 	539.788 	
29.3873 	-0.00946561 	-0.464595 	0.800486 	-0.734904 	0.00464155 	-3.14075 	90.0095 	116.668 	-0.550781 	180.05 	360.766 	285.045 	539.788 	
29.4887 	-0.00942446 	-0.470471 	0.79869 	-0.717452 	0.00457337 	-3.14057 	90.0095 	116.668 	-0.550781 	181.058 	360.766 	285.045 	539.788 	
29.5903 	-0.00938238 	-0.476314 	0.796792 	-0.699999 	0.00450832 	-3.14039 	90.0095 	116.668 	-0.550781 	182.15 	360.766 	285.045 	539.788 	
29.6917 	-0.00933939 	-0.482123 	0.794792 	-0.682547 	0.00444642 	-3.14021 	90.0095 	116.668 	-0.550781 	183.152 	360.766 	285.045 	539.788 	
29.7938 	-0.00929551 	-0.487897 	0.792691 	-0.665094 	0.00438768 	-3.14003 	90.0095 	116.668 	-0.550781 	184.158 	360.766 	285.045 	539.788 	
29.8966 	-0.00925074 	-0.493633 	0.790489 	-0.647642 	0.00433212 	-3.13984 	90.0095 	116.667 	-0.550781 	185.167 	360.766 	285.045 	539.788 	
29.9993 	-0.0092051 	-0.49933 	0.788188 	-0.630189 	0.00427977 	-3.13966 	90.0095 	116.666 	-0.550781 	186.167 	360.766 	285.045 	539.788 	
30.1011 	-0.00915861 	-0.504985 	0.785787 	-0.612737 	0.00423063 	-3.13948 	90.0095 	116.659 	-0.550781 	187.274 	360.766 	285.045 	539.788 	
30.2022 	-0.00911128 	-0.510598 	0.783288 	-0.595284 	0.00418472 	-3.13929 	90.0095 	116.659 	-0.550781 	188.27 	360.766 	285.045 	539.788 	
30.3045 	-0.00906311 	-0.516167 	0.780692 	-0.577832 	0.00414206 	-3.1391 	90.0095 	116.659 	-0.550781 	189.279 	360.766 	285.045 	539.788 	
30.4068 	-0.00901414 	-0.521689 	0.777999 	-0.560379 	0.00410265 	-3.13892 	90.0095 	116.659 	-0.550781 	190.274 	360.766 	285.045 	539.788 	
30.5095 	-0.00896437 	-0.527164 	0.77521 	-0.542927 	0.00406652 	-3.13873 	90.0095 	116.659 	-0.550781 	191.274 	360.766 	285.045 	539.788 	
30.6111 	-0.00891381 	-0.532588 	0.772326 	-0.525474 	0.00403366 	-3.13854 	90.0095 	116.658 	-0.550781 	192.377 	360.766 	285.045 	539.788 	
30.7123 	-0.00886249 	-0.537962 	0.769347 	-0.508022 	0.0040041 	-3.13835 	90.0095 	116.658 	-0.550781 	193.38 	360.766 	285.045 	539.788 	
30.8138 	-0.00881041 	-0.543283 	0.766276 	-0.490569 	0.00397784 	-3.13816 	90.0095 	116.658 	-0.550781 	194.378 	360.766 	285.045 	539.788 	
30.9166 	-0.0087576 	-0.54855 	0.763111 	-0.473116 	0.00395489 	-3.13797 	90.0095 	116.658 	-0.550781 	195.379 	360.766 	285.045 	539.788 	
31.0195 	-0.00870407 	-0.55376 	0.759856 	-0.455664 	0.00393525 	-3.13778 	90.0095 	116.658 	-0.550781 	196.386 	360.766 	285.045 	539.788 	
31.1214 	-0.00864984 	-0.558913 	0.75651 	-0.438211 	0.00391893 	-3.13759 	90.0095 	116.658 	-0.550781 	197.492 	360.766 	285.045 	539.788 	
31.223 	-0.00859492 	-0.564007 	0.753074 	-0.420759 	0.00390593 	-3.1374 	90.0095 	116.658 	-0.550781 	198.489 	360.766 	285.045 	539.788 	
31.3246 	-0.00853374 	-0.569539 	0.749193 	-0.401561 	0.00389549 	-3.13719 	90.0095 	116.658 	-0.550781 	199.488 	360.766 	285.045 	539.788 	
31.4268 	-0.00848309 	-0.57401 	0.745939 	-0.385854 	0.00388994 	-3.13702 	90.0095 	116.658 	-0.550781 	200.495 	360.766 	285.045 	539.788 	
31.5296 	-0.00842621 	-0.578917 	0.742242 	-0.368401 	0.00388695 	-3.13683 	90.0095 	116.658 	-0.550781 	201.498 	360.766 	285.045 	539.788 	
31.6314 	-0.00836871 	-0.583759 	0.738459 	-0.350948 	0.00388729 	-3.13664 	90.0095 	116.658 	-0.550781 	202.6 	360.766 	285.045 	539.788 	
31.7328 	-0.00831061 	-0.588533 	0.734593 	-0.333496 	0.00389096 	-3.13645 	90.0095 	116.658 	-0.550781 	203.598 	360.766 	285.044 	539.788 	
31.8341 	-0.00825193 	-0.59324 	0.730644 	-0.316043 	0.00389797 	-3.13626 	90.0095 	116.658 	-0.550781 	204.601 	360.766 	285.044 	539.788 	
31.9393 	-0.00819268 	-0.597877 	0.726613 	-0.298591 	0.00390832 	-3.13606 	90.0095 	116.657 	-0.550781 	205.604 	360.766 	285.044 	539.788 	
32.0414 	-0.00813289 	-0.602443 	0.722502 	-0.281138 	0.00392199 	-3.13587 	90.0095 	116.657 	-0.550781 	206.713 	360.766 	285.044 	539.788 	
32.1437 	-0.00807256 	-0.606936 	0.718312 	-0.263685 	0.00393899 	-3.13568 	90.0095 	116.657 	-0.550781 	207.713 	360.766 	285.044 	539.788 	
32.2452 	-0.0079504 	-0.6157 	0.7097 	-0.228781 	0.00398293 	-3.1353 	90.0095 	116.657 	-0.550781 	208.714 	360.766 	285.044 	539.788 	
32.3468 	-0.0078886 	-0.619968 	0.705281 	-0.211328 	0.00400987 	-3.13511 	90.0095 	116.657 	-0.550781 	209.726 	360.766 	285.044 	539.788 	
32.4488 	-0.00782634 	-0.624158 	0.700787 	-0.193875 	0.00404011 	-3.13493 	90.0095 	116.657 	-0.550781 	210.714 	360.766 	285.044 	539.788 	
32.5515 	-0.00776365 	-0.628269 	0.696222 	-0.176423 	0.00407363 	-3.13474 	90.0095 	116.657 	-0.550781 	211.814 	360.766 	285.044 	539.788 	
32.6536 	-0.00770054 	-0.6323 	0.691585 	-0.15897 	0.00411043 	-3.13455 	90.0095 	116.657 	-0.550781 	212.814 	360.766 	285.044 	539.788 	
32.7551 	-0.00763703 	-0.636249 	0.686878 	-0.141518 	0.00415051 	-3.13436 	90.0095 	116.657 	-0.550781 	213.812 	360.766 	285.044 	539.788 	
32.8567 	-0.00756674 	-0.640498 	0.681623 	-0.12232 	0.00419834 	-3.13416 	90.0095 	116.657 	-0.550781 	214.815 	360.766 	285.043 	539.788 	
32.958 	-0.0075089 	-0.643898 	0.677262 	-0.106613 	0.0042404 	-3.13399 	90.0095 	116.657 	-0.550781 	215.817 	360.766 	285.043 	539.788 	
33.0609 	-0.00744432 	-0.647596 	0.672356 	-0.0891602 	0.0042902 	-3.13381 	90.0095 	116.657 	-0.550781 	216.903 	360.766 	285.043 	539.788 	
33.1634 	-0.00737941 	-0.651207 	0.667385 	-0.0717077 	0.00434321 	-3.13362 	90.0095 	116.657 	-0.550781 	217.903 	360.766 	285.043 	539.788 	
33.2648 	-0.00731421 	-0.654731 	0.662352 	-0.0542552 	0.00439942 	-3.13344 	90.0095 	116.657 	-0.550781 	218.905 	360.766 	285.042 	539.788 	
33.3664 	-0.00724873 	-0.658167 	0.657259 	-0.0368026 	0.0044588 	-3.13326 	90.0095 	116.657 	-0.550781 	219.908 	360.766 	285.042 	539.788 	
33.468 	-0.00718299 	-0.661513 	0.652106 	-0.0193501 	0.00452135 	-3.13308 	90.0095 	116.657 	-0.550781 	220.906 	360.766 	285.042 	539.788 	
33.5701 	-0.007117 	-0.664769 	0.646896 	-0.00189762 	0.00458704 	-3.1329 	90.0095 	116.657 	-0.550781 	221.9 	360.766 	285.042 	539.788 	
33.6761 	-0.00704417 	-0.668244 	0.6411 	0.0173002 	0.0046629 	-3.1327 	90.0095 	116.657 	-0.550781 	223.002 	360.766 	285.042 	539.788 	
33.7776 	-0.0069844 	-0.671005 	0.636309 	0.0330074 	0.00472777 	-3.13254 	90.0095 	116.657 	-0.550781 	224.005 	360.766 	285.042 	539.788 	
33.8794 	-0.00691782 	-0.673983 	0.630935 	0.0504597 	0.00480276 	-3.13237 	90.0095 	116.657 	-0.550781 	225.004 	360.766 	285.041 	539.788 	
33.981 	-0.00685108 	-0.676867 	0.625511 	0.0679121 	0.00488081 	-3.13219 	90.0095 	116.657 	-0.550781 	226.111 	360.766 	285.041 	539.788 	
34.0835 	-0.0067842 	-0.679656 	0.620036 	0.0853646 	0.0049619 	-3.13202 	90.0095 	116.657 	-0.550781 	227.102 	360.766 	285.041 	539.788 	
34.1854 	-0.0067172 	-0.68235 	0.614514 	0.102817 	0.00504599 	-3.13185 	90.0095 	116.656 	-0.550781 	228.109 	360.766 	285.041 	539.788 	
34.2872 	-0.00665011 	-0.684946 	0.608946 	0.12027 	0.00513306 	-3.13168 	90.0095 	116.656 	-0.550781 	229.109 	360.766 	285.041 	539.788 	
34.3886 	-0.00658293 	-0.687445 	0.603333 	0.137722 	0.00522309 	-3.13151 	90.0095 	116.656 	-0.550781 	230.106 	360.766 	285.041 	539.788 	
34.4902 	-0.0065157 	-0.689845 	0.597678 	0.155174 	0.00531605 	-3.13134 	90.0095 	116.656 	-0.550781 	231.199 	360.766 	285.041 	539.788 	
34.5941 	-0.00644843 	-0.692146 	0.591981 	0.172627 	0.00541192 	-3.13118 	90.0095 	116.656 	-0.550781 	232.209 	360.766 	285.04 	539.788 	
34.6968 	-0.00638115 	-0.694348 	0.586245 	0.190079 	0.00551064 	-3.13101 	90.0095 	116.656 	-0.550781 	233.204 	360.766 	285.04 	539.788 	
34.7993 	-0.00631387 	-0.696449 	0.580472 	0.207532 	0.00561222 	-3.13085 	90.0095 	116.656 	-0.550781 	234.204 	360.766 	285.04 	539.788 	
34.901 	-0.00624662 	-0.698449 	0.574663 	0.224984 	0.0057166 	-3.13069 	90.0095 	116.656 	-0.550781 	235.3 	360.766 	285.04 	539.788 	
35.0022 	-0.00617941 	-0.700347 	0.56882 	0.242437 	0.00582376 	-3.13053 	90.0095 	116.656 	-0.550781 	236.309 	360.766 	285.039 	539.788 	
35.1046 	-0.00611226 	-0.702143 	0.562944 	0.259889 	0.00593367 	-3.13038 	90.0095 	116.656 	-0.550781 	237.307 	360.766 	285.039 	539.788 	
35.2066 	-0.00604521 	-0.703837 	0.557038 	0.277341 	0.00604629 	-3.13022 	90.0095 	116.656 	-0.550781 	238.302 	360.766 	285.039 	539.788 	
35.3101 	-0.00597826 	-0.705426 	0.551104 	0.294794 	0.00616159 	-3.13007 	90.0095 	116.656 	-0.550781 	239.302 	360.766 	285.039 	539.788 	
35.4121 	-0.00591144 	-0.706913 	0.545142 	0.312246 	0.00627952 	-3.12992 	90.0095 	116.656 	-0.550781 	240.399 	360.766 	285.039 	539.788 	
35.5139 	-0.00584476 	-0.708294 	0.539156 	0.329699 	0.00640007 	-3.12977 	90.0095 	116.656 	-0.550781 	241.403 	360.766 	285.039 	539.788 	
35.6164 	-0.00577825 	-0.709571 	0.533146 	0.347151 	0.00652319 	-3.12962 	90.0095 	116.656 	-0.550781 	242.404 	360.766 	285.039 	539.788 	
35.7189 	-0.00571193 	-0.710743 	0.527115 	0.364603 	0.00664884 	-3.12948 	90.0095 	116.656 	-0.550781 	243.403 	360.766 	285.039 	539.788 	
35.8223 	-0.00564582 	-0.71181 	0.521065 	0.382056 	0.00677698 	-3.12934 	90.0095 	116.656 	-0.550781 	244.491 	360.766 	285.038 	539.788 	
35.9233 	-0.00557994 	-0.712771 	0.514996 	0.399508 	0.00690758 	-3.1292 	90.0095 	116.656 	-0.550781 	245.502 	360.766 	285.038 	539.788 	
36.0252 	-0.0055143 	-0.713625 	0.508912 	0.41696 	0.0070406 	-3.12906 	90.0095 	116.656 	-0.550781 	246.495 	360.766 	285.038 	539.788 	
36.1266 	-0.00544894 	-0.714374 	0.502814 	0.434412 	0.00717599 	-3.12893 	90.0095 	116.656 	-0.550781 	247.497 	360.766 	285.038 	539.788 	
36.2286 	-0.00538386 	-0.715015 	0.496704 	0.451865 	0.00731372 	-3.12879 	90.0095 	116.656 	-0.550781 	248.494 	360.766 	285.038 	539.788 	
36.3306 	-0.00531909 	-0.71555 	0.490584 	0.469317 	0.00745373 	-3.12866 	90.0095 	116.656 	-0.550781 	249.592 	360.766 	285.038 	539.788 	
36.4321 	-0.00525464 	-0.715979 	0.484455 	0.48677 	0.007596 	-3.12854 	90.0095 	116.656 	-0.550781 	250.594 	360.766 	285.038 	539.788 	
36.5336 	-0.00519055 	-0.7163 	0.478319 	0.504222 	0.00774047 	-3.12841 	90.0095 	116.656 	-0.550781 	251.591 	360.766 	285.038 	539.788 	
36.6371 	-0.00512682 	-0.716514 	0.472179 	0.521675 	0.00788711 	-3.12829 	90.0095 	116.656 	-0.550781 	252.584 	360.766 	285.038 	539.788 	
36.7413 	-0.00506348 	-0.71662 	0.466036 	0.539127 	0.00803586 	-3.12817 	90.0095 	116.656 	-0.550781 	253.584 	360.766 	285.038 	539.788 	
36.8434 	-0.00500055 	-0.71662 	0.459892 	0.556579 	0.00818668 	-3.12805 	90.0095 	116.656 	-0.550781 	254.693 	360.766 	285.038 	539.788 	
36.9452 	-0.00493804 	-0.716512 	0.453749 	0.574032 	0.00833953 	-3.12794 	90.0095 	116.656 	-0.550781 	255.681 	360.766 	285.038 	539.788 	
37.0509 	-0.00486979 	-0.71627 	0.446996 	0.593229 	0.00850994 	-3.12781 	90.0095 	116.656 	-0.550781 	256.785 	360.766 	285.038 	539.788 	
37.1531 	-0.00480823 	-0.715937 	0.440861 	0.610681 	0.0086669 	-3.1277 	90.0095 	116.656 	-0.550781 	257.787 	360.766 	285.038 	539.788 	
37.2556 	-0.00469262 	-0.71501 	0.429225 	0.643841 	0.00897024 	-3.12751 	90.0095 	116.656 	-0.550781 	258.78 	360.766 	285.038 	539.788 	
37.3576 	-0.00463252 	-0.714368 	0.423114 	0.661293 	0.00913252 	-3.1274 	90.0095 	116.656 	-0.550781 	259.791 	360.766 	285.038 	539.788 	
37.4594 	-0.00457296 	-0.713618 	0.417017 	0.678746 	0.00929652 	-3.12731 	90.0095 	116.656 	-0.550781 	260.788 	360.766 	285.038 	539.788 	
37.5613 	-0.00450808 	-0.712671 	0.410325 	0.697943 	0.00947888 	-3.1272 	90.0095 	116.656 	-0.550781 	261.867 	360.766 	285.038 	539.788 	
37.6631 	-0.0044497 	-0.711699 	0.404258 	0.715396 	0.00964637 	-3.12711 	90.0095 	116.656 	-0.550781 	262.874 	360.766 	285.038 	539.788 	
37.7672 	-0.00439191 	-0.710621 	0.39821 	0.732848 	0.00981545 	-3.12702 	90.0095 	116.656 	-0.550781 	263.88 	360.766 	285.037 	539.788 	
37.8699 	-0.00433474 	-0.709438 	0.392181 	0.7503 	0.00998605 	-3.12693 	90.0095 	116.657 	-0.550781 	264.858 	360.766 	285.037 	539.788 	
37.9747 	-0.00427819 	-0.708149 	0.386174 	0.767753 	0.0101581 	-3.12685 	90.0095 	116.657 	-0.550781 	265.956 	360.766 	285.037 	539.789 	
38.0766 	-0.00422784 	-0.7069 	0.380787 	0.78346 	0.0103142 	-3.12678 	90.0095 	116.657 	-0.550781 	266.96 	360.766 	285.037 	539.789 	
38.1795 	-0.00416704 	-0.705259 	0.374231 	0.802658 	0.0105065 	-3.12669 	90.0095 	116.657 	-0.550781 	267.958 	360.766 	285.037 	539.789 	
38.2818 	-0.00411248 	-0.703658 	0.368299 	0.820111 	0.0106827 	-3.12662 	90.0095 	116.657 	-0.550781 	269.053 	360.766 	285.037 	539.789 	
38.3841 	-0.00405861 	-0.701953 	0.362397 	0.837563 	0.0108602 	-3.12655 	90.0095 	116.657 	-0.550781 	270.053 	360.766 	285.037 	539.789 	
38.4858 	-0.00400546 	-0.700146 	0.356524 	0.855016 	0.0110389 	-3.12648 	90.0095 	116.657 	-0.550781 	271.052 	360.766 	285.037 	539.789 	
38.5876 	-0.00395303 	-0.698237 	0.350685 	0.872468 	0.0112187 	-3.12642 	90.0095 	116.657 	-0.550781 	272.048 	360.766 	285.037 	539.789 	
38.6904 	-0.00390648 	-0.696431 	0.345458 	0.888175 	0.0113815 	-3.12636 	90.0095 	116.657 	-0.550781 	273.047 	360.766 	285.037 	539.789 	
38.7931 	-0.00385548 	-0.694329 	0.339685 	0.905628 	0.0115634 	-3.1263 	90.0095 	116.657 	-0.550781 	274.146 	360.766 	285.037 	539.789 	
38.8958 	-0.00380526 	-0.692127 	0.333949 	0.923081 	0.0117463 	-3.12625 	90.0095 	116.657 	-0.550781 	275.129 	360.766 	285.037 	539.789 	
38.9978 	-0.00375582 	-0.689825 	0.328253 	0.940534 	0.0119301 	-3.12619 	90.0095 	116.657 	-0.550781 	276.135 	360.766 	285.037 	539.789 	
39.1001 	-0.00370719 	-0.687423 	0.322598 	0.957986 	0.0121148 	-3.12614 	90.0095 	116.657 	-0.550781 	277.125 	360.766 	285.037 	539.789 	
39.2032 	-0.00365464 	-0.684668 	0.316426 	0.977184 	0.012319 	-3.12609 	90.0095 	116.657 	-0.550781 	278.225 	360.766 	285.037 	539.789 	
39.3059 	-0.00360774 	-0.682061 	0.310863 	0.994637 	0.0125053 	-3.12605 	90.0095 	116.657 	-0.550781 	279.217 	360.766 	285.037 	539.789 	
39.4076 	-0.00356626 	-0.679633 	0.305895 	1.01034 	0.0126737 	-3.12602 	90.0095 	116.657 	-0.550781 	280.22 	360.766 	285.037 	539.789 	
39.5096 	-0.00352099 	-0.676843 	0.300421 	1.0278 	0.0128614 	-3.12598 	90.0095 	116.657 	-0.550781 	281.21 	360.766 	285.037 	539.789 	
39.6121 	-0.0034766 	-0.673958 	0.294997 	1.04525 	0.0130497 	-3.12595 	90.0095 	116.657 	-0.550781 	282.307 	360.766 	285.037 	539.789 	
39.7152 	-0.00343309 	-0.670978 	0.289623 	1.0627 	0.0132385 	-3.12592 	90.0095 	116.657 	-0.550781 	283.307 	360.766 	285.037 	539.789 	
39.8182 	-0.00339049 	-0.667906 	0.284303 	1.08016 	0.0134278 	-3.12589 	90.0095 	116.657 	-0.550781 	284.299 	360.766 	285.037 	539.789 	
39.9202 	-0.00334468 	-0.664419 	0.278513 	1.09935 	0.0136366 	-3.12587 	90.0095 	116.657 	-0.550781 	285.296 	360.766 	285.036 	539.789 	
40.0226 	-0.00330402 	-0.661153 	0.273309 	1.11681 	0.0138267 	-3.12585 	90.0095 	116.657 	-0.550781 	286.39 	360.766 	285.036 	539.789 	
40.1244 	-0.0032643 	-0.657798 	0.268162 	1.13426 	0.0140172 	-3.12583 	90.0095 	116.657 	-0.550781 	287.384 	360.766 	285.036 	539.789 	
40.2275 	-0.00322553 	-0.654352 	0.263075 	1.15171 	0.0142079 	-3.12582 	90.0095 	116.657 	-0.550781 	288.377 	360.766 	285.036 	539.789 	
40.3302 	-0.00318772 	-0.650819 	0.258049 	1.16917 	0.0143988 	-3.12581 	90.0095 	116.657 	-0.550781 	289.376 	360.766 	285.036 	539.789 	
40.4326 	-0.00315453 	-0.647564 	0.253578 	1.18488 	0.0145708 	-3.1258 	90.0095 	116.657 	-0.550781 	290.473 	360.766 	285.036 	539.789 	
40.5348 	-0.00311859 	-0.643866 	0.248672 	1.20233 	0.0147619 	-3.1258 	90.0095 	116.657 	-0.550781 	291.471 	360.766 	285.036 	539.789 	
40.6418 	-0.00308021 	-0.6397 	0.24335 	1.22153 	0.0149721 	-3.1258 	90.0095 	116.657 	-0.550781 	292.47 	360.766 	285.036 	539.789 	
40.7446 	-0.00304638 	-0.635824 	0.238583 	1.23898 	0.0151632 	-3.1258 	90.0095 	116.657 	-0.550781 	293.575 	360.766 	285.036 	539.789 	
40.847 	-0.00301358 	-0.631866 	0.233883 	1.25643 	0.0153542 	-3.12581 	90.0095 	116.657 	-0.550781 	294.569 	360.766 	285.036 	539.789 	
40.9486 	-0.0029818 	-0.627827 	0.229254 	1.27389 	0.0155451 	-3.12582 	90.0095 	116.657 	-0.550781 	295.569 	360.766 	285.036 	539.789 	
41.0505 	-0.00295106 	-0.623707 	0.224696 	1.29134 	0.0157357 	-3.12584 	90.0095 	116.657 	-0.550781 	296.553 	360.766 	285.036 	539.789 	
41.1529 	-0.00289555 	-0.615663 	0.216236 	1.3245 	0.0160971 	-3.12587 	90.0095 	116.657 	-0.550781 	297.661 	360.766 	285.036 	539.789 	
41.2561 	-0.00286788 	-0.611318 	0.211892 	1.34196 	0.0162868 	-3.1259 	90.0095 	116.657 	-0.550781 	298.651 	360.766 	285.036 	539.789 	
41.3587 	-0.00284128 	-0.606897 	0.207625 	1.35941 	0.016476 	-3.12592 	90.0095 	116.657 	-0.550781 	299.652 	360.766 	285.036 	539.789 	
41.4606 	-0.00281328 	-0.60195 	0.20302 	1.37861 	0.0166836 	-3.12596 	90.0095 	116.657 	-0.550781 	300.648 	360.766 	285.036 	539.789 	
41.5625 	-0.00278896 	-0.597376 	0.198917 	1.39606 	0.0168717 	-3.12599 	90.0095 	116.657 	-0.550781 	301.729 	360.766 	285.036 	539.789 	
41.6651 	-0.00276575 	-0.592732 	0.194895 	1.41352 	0.0170592 	-3.12603 	90.0095 	116.657 	-0.550781 	302.73 	360.766 	285.036 	539.789 	
41.7679 	-0.00274364 	-0.588018 	0.190955 	1.43097 	0.017246 	-3.12607 	90.0095 	116.657 	-0.550781 	303.722 	360.766 	285.036 	539.789 	
41.871 	-0.00272469 	-0.583717 	0.187479 	1.44668 	0.0174135 	-3.12611 	90.0095 	116.658 	-0.550781 	304.815 	360.766 	285.036 	539.789 	
41.9754 	-0.0027047 	-0.578875 	0.183697 	1.46413 	0.0175989 	-3.12615 	90.0095 	116.658 	-0.550781 	305.812 	360.766 	285.036 	539.789 	
42.0771 	-0.00268584 	-0.573967 	0.18 	1.48159 	0.0177834 	-3.1262 	90.0095 	116.658 	-0.550781 	306.807 	360.766 	285.036 	539.789 	
42.1804 	-0.0026681 	-0.568996 	0.176389 	1.49904 	0.0179671 	-3.12626 	90.0095 	116.658 	-0.550781 	307.811 	360.766 	285.036 	539.789 	
42.2827 	-0.0026515 	-0.563963 	0.172866 	1.5165 	0.0181498 	-3.12631 	90.0095 	116.658 	-0.550781 	308.906 	360.766 	285.036 	539.789 	
42.3848 	-0.00263456 	-0.558356 	0.169092 	1.5357 	0.0183496 	-3.12638 	90.0095 	116.658 	-0.550781 	309.907 	360.766 	285.036 	539.789 	
42.4868 	-0.00262036 	-0.553196 	0.165755 	1.55315 	0.0185301 	-3.12644 	90.0095 	116.658 	-0.550781 	310.896 	360.766 	285.036 	539.789 	
42.5883 	-0.00260731 	-0.54798 	0.162509 	1.57061 	0.0187095 	-3.12651 	90.0095 	116.658 	-0.550781 	311.892 	360.766 	285.035 	539.789 	
42.6911 	-0.00259655 	-0.543237 	0.159666 	1.58631 	0.0188699 	-3.12657 	90.0095 	116.658 	-0.550781 	312.984 	360.766 	285.035 	539.789 	
42.7936 	-0.00258569 	-0.537916 	0.156594 	1.60377 	0.019047 	-3.12664 	90.0095 	116.658 	-0.550781 	313.979 	360.766 	285.035 	539.789 	
42.897 	-0.002576 	-0.532541 	0.153616 	1.62122 	0.0192228 	-3.12672 	90.0095 	116.658 	-0.550781 	314.981 	360.766 	285.035 	539.789 	
42.9981 	-0.00256747 	-0.527116 	0.150733 	1.63868 	0.0193973 	-3.12679 	90.0095 	116.658 	-0.550781 	315.975 	360.766 	285.035 	539.789 	
43.0113 	-0.00256747 	-0.527116 	0.150733 	1.63868 	0.0193973 	-3.12679 	90.0095 	116.658 	-0.550781 	316.079 	360.766 	285.035 	539.789 	
43.1136 	-0.00256339 	-0.523249 	0.147877 	1.65194 	0.0195071 	-3.12474 	90.0095 	116.472 	-0.550781 	316.431 	360.766 	285.035 	539.672 	
43.2161 	-0.00256791 	-0.52639 	0.141607 	1.65194 	0.0193387 	-3.11173 	90.0095 	115.656 	-0.550781 	315.694 	360.766 	285.035 	539.303 	
43.3179 	-0.00257358 	-0.529484 	0.135155 	1.65194 	0.019165 	-3.10953 	90.0095 	114.695 	-0.550781 	314.754 	360.766 	285.035 	539.203 	
43.4197 	-0.00257962 	-0.532171 	0.129302 	1.65194 	0.0190072 	-3.10944 	90.0095 	113.684 	-0.550781 	313.753 	360.766 	285.035 	539.194 	
43.5228 	-0.00258734 	-0.53505 	0.122751 	1.65194 	0.0188303 	-3.10935 	90.0095 	112.591 	-0.550781 	312.651 	360.766 	285.035 	539.191 	
43.6265 	-0.00259613 	-0.537813 	0.11615 	1.65193 	0.0186518 	-3.10925 	90.0095 	111.575 	-0.550781 	311.656 	360.766 	285.035 	539.189 	
43.7283 	-0.002606 	-0.540461 	0.109503 	1.65193 	0.0184717 	-3.10916 	90.0095 	110.576 	-0.550781 	310.655 	360.766 	285.035 	539.188 	
43.8309 	-0.00261808 	-0.543239 	0.102138 	1.65193 	0.0182717 	-3.10907 	90.0095 	109.474 	-0.550781 	309.66 	360.766 	285.035 	539.187 	
43.933 	-0.00263018 	-0.545641 	0.0953978 	1.65193 	0.0180885 	-3.10899 	90.0095 	108.474 	-0.550781 	308.552 	360.766 	285.035 	539.187 	
44.0356 	-0.00264334 	-0.547926 	0.0886165 	1.65193 	0.0179038 	-3.10891 	90.0095 	107.471 	-0.550781 	307.559 	360.766 	285.035 	539.186 	
44.1441 	-0.00265756 	-0.550092 	0.0817965 	1.65193 	0.0177177 	-3.10883 	90.0095 	106.351 	-0.550781 	306.448 	360.766 	285.035 	539.186 	
44.2472 	-0.00267125 	-0.551939 	0.0756271 	1.65192 	0.0175491 	-3.10877 	90.0095 	105.35 	-0.550781 	305.442 	360.766 	285.035 	539.186 	
44.3509 	-0.00268746 	-0.553877 	0.0687389 	1.65192 	0.0173607 	-3.1087 	90.0095 	104.345 	-0.550781 	304.444 	360.766 	285.035 	539.186 	
44.4535 	-0.002723 	-0.557392 	0.0548666 	1.65192 	0.0169802 	-3.10857 	90.0095 	103.244 	-0.550781 	303.342 	360.766 	285.035 	539.185 	
44.5574 	-0.00274431 	-0.559118 	0.047187 	1.65192 	0.016769 	-3.1085 	90.0095 	102.24 	-0.550781 	302.346 	360.766 	285.035 	539.185 	
44.659 	-0.00276266 	-0.56042 	0.04088 	1.65192 	0.0165954 	-3.10845 	90.0095 	101.238 	-0.550781 	301.346 	360.766 	285.035 	539.185 	
44.7609 	-0.00278622 	-0.561877 	0.0331448 	1.65192 	0.0163821 	-3.10839 	90.0095 	100.148 	-0.550781 	300.254 	360.766 	285.035 	539.185 	
44.8628 	-0.0028087 	-0.563073 	0.0260898 	1.65192 	0.0161872 	-3.10834 	90.0095 	99.1414 	-0.550781 	299.26 	360.766 	285.035 	539.185 	
44.9647 	-0.00282978 	-0.564043 	0.0197232 	1.65191 	0.0160112 	-3.1083 	90.0095 	98.1439 	-0.550781 	298.261 	360.766 	285.035 	539.185 	
45.0676 	-0.00285417 	-0.565004 	0.0126324 	1.65191 	0.0158148 	-3.10826 	90.0095 	97.1413 	-0.550781 	297.254 	360.766 	285.035 	539.185 	
45.1691 	-0.00287954 	-0.565841 	0.00552587 	1.65191 	0.0156177 	-3.10822 	90.0095 	96.1406 	-0.550781 	296.254 	360.766 	285.035 	539.185 	
45.2709 	-0.00290589 	-0.566554 	-0.00159418 	1.65191 	0.0154199 	-3.10818 	90.0095 	95.0396 	-0.550781 	295.153 	360.766 	285.035 	539.185 	
45.3748 	-0.00293322 	-0.567142 	-0.00872562 	1.65191 	0.0152215 	-3.10815 	90.0095 	94.0386 	-0.550781 	294.16 	360.766 	285.035 	539.185 	
45.4768 	-0.00296152 	-0.567606 	-0.0158661 	1.65191 	0.0150226 	-3.10812 	90.0095 	93.0421 	-0.550781 	293.155 	360.766 	285.035 	539.185 	
45.5792 	-0.00299077 	-0.567945 	-0.0230137 	1.65191 	0.0148232 	-3.10809 	90.0095 	92.0312 	-0.550781 	292.158 	360.766 	285.035 	539.185 	
45.6807 	-0.00302098 	-0.56816 	-0.0301661 	1.65191 	0.0146234 	-3.10807 	90.0095 	90.9295 	-0.550781 	291.054 	360.766 	285.035 	539.185 	
45.7821 	-0.00305213 	-0.568249 	-0.0373212 	1.65191 	0.0144232 	-3.10805 	90.0095 	89.9369 	-0.550781 	290.057 	360.766 	285.035 	539.185 	
45.8834 	-0.0030842 	-0.568214 	-0.0444767 	1.65191 	0.0142228 	-3.10804 	90.0095 	88.9356 	-0.550781 	289.05 	360.766 	285.035 	539.185 	
45.9862 	-0.0031172 	-0.568054 	-0.0516306 	1.65191 	0.0140221 	-3.10802 	90.0095 	87.9375 	-0.550781 	288.058 	360.766 	285.035 	539.185 	
46.0886 	-0.00315111 	-0.567769 	-0.0587805 	1.65191 	0.0138212 	-3.10802 	90.0095 	86.9376 	-0.550781 	287.051 	360.766 	285.035 	539.185 	
46.1914 	-0.00318592 	-0.567359 	-0.0659244 	1.65191 	0.0136202 	-3.10801 	90.0095 	85.8314 	-0.550781 	285.949 	360.766 	285.035 	539.185 	
46.2929 	-0.00322162 	-0.566824 	-0.07306 	1.65191 	0.0134191 	-3.10801 	90.0095 	84.8372 	-0.550781 	284.948 	360.766 	285.035 	539.185 	
46.3945 	-0.00325819 	-0.566165 	-0.0801853 	1.65191 	0.0132181 	-3.10801 	90.0095 	83.8393 	-0.550781 	283.95 	360.766 	285.035 	539.185 	
46.4971 	-0.00329564 	-0.565382 	-0.0872978 	1.65191 	0.0130171 	-3.10802 	90.0095 	82.8337 	-0.550781 	282.959 	360.766 	285.035 	539.185 	
46.5995 	-0.00333395 	-0.564475 	-0.0943958 	1.65191 	0.0128163 	-3.10803 	90.0095 	81.8321 	-0.550781 	281.956 	360.766 	285.035 	539.185 	
46.7014 	-0.00337309 	-0.563444 	-0.101477 	1.65191 	0.0126156 	-3.10804 	90.0095 	80.7368 	-0.550781 	280.853 	360.766 	285.035 	539.185 	
46.8024 	-0.00341308 	-0.56229 	-0.108539 	1.65191 	0.0124152 	-3.10806 	90.0095 	79.7354 	-0.550781 	279.851 	360.766 	285.035 	539.185 	
46.9039 	-0.00345388 	-0.561012 	-0.115579 	1.65191 	0.0122151 	-3.10808 	90.0095 	78.7451 	-0.550781 	278.849 	360.766 	285.035 	539.185 	
47.0053 	-0.00349549 	-0.559612 	-0.122597 	1.65191 	0.0120154 	-3.1081 	90.0095 	77.7421 	-0.550781 	277.848 	360.766 	285.035 	539.185 	
47.1079 	-0.00353789 	-0.55809 	-0.129588 	1.65191 	0.0118162 	-3.10813 	90.0095 	76.7535 	-0.550781 	276.856 	360.766 	285.035 	539.185 	
47.2107 	-0.00358109 	-0.556446 	-0.136552 	1.65191 	0.0116174 	-3.10816 	90.0095 	75.6507 	-0.550781 	275.746 	360.766 	285.035 	539.185 	
47.3123 	-0.00362948 	-0.554497 	-0.144179 	1.65191 	0.0113994 	-3.10819 	90.0095 	74.6535 	-0.550781 	274.746 	360.766 	285.035 	539.184 	
47.4145 	-0.00366976 	-0.552794 	-0.150389 	1.65191 	0.0112216 	-3.10823 	90.0095 	73.6603 	-0.550781 	273.757 	360.766 	285.035 	539.184 	
47.5158 	-0.00371522 	-0.550787 	-0.157258 	1.65191 	0.0110246 	-3.10827 	90.0095 	72.671 	-0.550781 	272.758 	360.766 	285.035 	539.184 	
47.6179 	-0.00376141 	-0.548661 	-0.16409 	1.65191 	0.0108285 	-3.10831 	90.0095 	71.6672 	-0.550781 	271.751 	360.766 	285.035 	539.184 	
47.72 	-0.00380831 	-0.546416 	-0.170885 	1.65191 	0.0106331 	-3.10836 	90.0095 	70.569 	-0.550781 	270.753 	360.766 	285.035 	539.184 	
47.8223 	-0.00385591 	-0.544053 	-0.177639 	1.65191 	0.0104385 	-3.10841 	90.0095 	69.5656 	-0.550781 	269.665 	360.766 	285.035 	539.184 	
47.9237 	-0.00389582 	-0.540804 	-0.184737 	1.65436 	0.0102723 	-3.10845 	90.0095 	68.5777 	-0.550781 	269.029 	360.766 	285.035 	539.184 	
48.025 	-0.00389757 	-0.533898 	-0.193523 	1.668 	0.0102318 	-3.10844 	90.0095 	67.5791 	-0.550781 	268.897 	360.766 	285.035 	539.184 	
48.1265 	-0.00388603 	-0.525631 	-0.20277 	1.68545 	0.0102344 	-3.10842 	90.0095 	66.5811 	-0.550781 	268.867 	360.766 	285.035 	539.184 	
48.2289 	-0.00387427 	-0.517205 	-0.21187 	1.7029 	0.0102374 	-3.1084 	90.0095 	65.5865 	-0.550781 	268.863 	360.766 	285.035 	539.184 	
48.3317 	-0.00386228 	-0.50862 	-0.220822 	1.72035 	0.0102408 	-3.10837 	90.0095 	64.4963 	-0.550781 	268.858 	360.766 	285.035 	539.184 	
